{
  "rulesVersion": "ui-export-20260117-full-no-sweet-final",
  "updatedAt": "2026-01-17T20:20:25Z",
  "cards": [
    {
      "id": "Антиэкран",
      "name": "Антиэкран",
      "emoji": "🚾",
      "type": "activation",
      "protection": "нет",
      "cannotUse": "нет",
      "takenBy": "activation",
      "description": "Карта для запрета просьбы на экран",
      "effects": "Запрещает проситься на экран",
      "application": "1 раз",
      "obtain": "Топ зрители. 🧿ТВ колесо. Получить. Собрать.",
      "features": "Снимается 🃏",
      "removes": "нет",
      "formula": "☑️➕☑️🟰🚾"
    },
    {
      "id": "Банкрот",
      "name": "Банкрот",
      "emoji": "⚫️",
      "type": "danger",
      "protection": "Да",
      "cannotUse": "🏧🛐🌋🪣",
      "takenBy": "danger",
      "description": "Опасная карта: обнуляет ваши карты при выпадении или становится активацией для тотального уничтожения у одного спикера.",
      "effects": "Забирает все ваши карты, кроме 🧿, при выпадении с 🧿 ТВ колеса.",
      "application": "1 раз.",
      "obtain": "🧿 ТВ колесо. 🌋 (⚫️↩️🎴).",
      "features": "Если при выпадении с 🧿 ТВ колеса ваш инвентарь 🎴🀄️ пуст, превращается в карту активации ⚫️↩️🎴 и падает в инвентарь: можно уничтожить все карты и 🧿 у одного спикера.",
      "removes": "Нет",
      "formula": "Нет"
    },
    {
      "id": "Белая",
      "name": "Белая",
      "emoji": "⬜️",
      "type": "normal",
      "protection": "🏧🛐",
      "cannotUse": "в зависимости от превращения 🃏☮️🔲🌈🚨💎🟧",
      "takenBy": "normal",
      "description": "Многофункциональная карта для снятия серьёзных нарушений",
      "effects": "Снимает ⬛️. Либо продлевает эфир на 30 минут",
      "application": "Каждый день. Продление 1 раз за эфир",
      "obtain": "Топ зрители. Топ Батлы. Топ Лиги. Получить. Собрать. 🧿ТВ колесо. 🛐🏧",
      "features": "Конвертация. Превращается в 🟪🟥🟨🟫⬛️☮️",
      "removes": "⬛️🟫",
      "formula": "2 🟩 = 1 ⬜️"
    },
    {
      "id": "Бита",
      "name": "Бита",
      "emoji": "🅱️",
      "type": "activation",
      "protection": "🏧🛐",
      "cannotUse": "🌈🎰🍫🎁🦎⚫️💣♎️🏧🛐",
      "takenBy": "activation",
      "description": "Мощнейшая карта для разрушения других карт",
      "effects": "Разбивает, снимает, деактивирует почти все карты: 🧿🔘☑️🟦🟩⬜️🟧💎🚨Ⓜ️♻️🃏☮️📜🚾🔲🎦🎹🟪🟥🟨⬛️🟫🅾️💠",
      "application": "Разрешено 4 удара Битой по карте. Передаётся с остатком ударов. После удара часы с карты сгорают. Нельзя разбивать карту которую выдали сами",
      "obtain": "🧿ТВ колесо. Собрать. Получить. 🛐",
      "features": "1 Удар - 9 часов. 2 Удар - 7 часов. 3 Удар - 5 часов. 4 Удар - 3 часа в запас",
      "removes": "⚫️💣",
      "formula": "🔲➕🏳️‍🌈➕🚨➕💎➕🟧➕⬜️➕🎦➕🎹➕🃏➕🚾➕📜➕☮️➕🟩➕🟦➕☑️🟰 🅱️"
    },
    {
      "id": "Ведро Егора",
      "name": "Ведро Егора",
      "emoji": "🪣",
      "type": "super",
      "protection": "Да",
      "cannotUse": "🎴🪟",
      "takenBy": "super",
      "description": "Супер-карта хранилища ведущего: изымает у спикера 1 🀄️ и сохраняет в ведре.",
      "effects": "Ведущий забирает 1 обычную 🀄️ карту у любого спикера и кладёт себе в 🪣 ведро.",
      "application": "Сразу же при выпадении.",
      "obtain": "🧿 ТВ колесо. 🌋 Преисподняя.",
      "features": "Безлимитное накопление и хранение 🎴🀄️ карт: активация, складывание, передача, разделение, накладывание на спикеров.",
      "removes": "Нет",
      "formula": "Нет"
    },
    {
      "id": "Грабители",
      "name": "Грабители",
      "emoji": "🥷",
      "type": "danger",
      "protection": "Да",
      "cannotUse": "🛐🪣🌋",
      "takenBy": "danger",
      "description": "Опасная карта: ограбление банка с уничтожением части карт и компенсацией 🧿 ограбленному.",
      "effects": "Грабит 🏧 Банк, в котором больше всего 🀄️🎴 карт. Крадёт половину или больше половины карт; украденные карты исчезают. Ограбленный получает 5 🧿 ТВ колёс.",
      "application": "1 раз. Активируется с 🧿 ТВ колеса.",
      "obtain": "🧿 ТВ колесо. Сборка. Получение.",
      "features": "Можно снять залогом: 3 🚨 от одного спикера после вращения колеса. Выбивает из инвентаря при наличии у спикера или ведущего. Залог исчезает после активации. Может использовать ведущий.",
      "removes": "Нет",
      "formula": "⚫️↩️🎴 + 💣↩️🎴 = 🥷"
    },
    {
      "id": "Джекпот",
      "name": "Джекпот",
      "emoji": "🎰",
      "type": "super",
      "protection": "Да",
      "cannotUse": "Без распаковки",
      "takenBy": "super",
      "description": "Запакованный супер-приз: выдаёт большой набор карт и 🧿, требует распаковки за 🚨.",
      "effects": "Вам выпадает 12 карт: 🔲🅱️🌈💎🟧⬜️🎦🎹Ⓜ️♎️♻️🚨, плюс 30 🧿 ТВ колёс и 🎲♦️.",
      "application": "После распаковки. 🎲♦️ кости играют сразу до распаковки (2️⃣ кубика с коэффициентом 1–(+1)).",
      "obtain": "🧿 ТВ колесо. Покупка.",
      "features": "Требует распаковки. Стоимость распаковки: 1 🚨.",
      "removes": "Нет",
      "formula": "Нет"
    },
    {
      "id": "Джокер",
      "name": "Джокер",
      "emoji": "🃏",
      "type": "activation",
      "protection": "🏧🛐",
      "cannotUse": "в зависимости от правил батла",
      "takenBy": "activation",
      "description": "Карта для батлов, позволяющая нарушать правила",
      "effects": "Позволяет нарушать правила против оппонента",
      "application": "Действует 20 минут батла и 12 часов обход правил",
      "obtain": "Топ Батлы. Топ Лиги. 🧿ТВ колесо. Получить. Собрать.",
      "features": "Нельзя снять. Нельзя выключать микрофон",
      "removes": "нет",
      "formula": "🟩➕☑️🟰🃏"
    },
    {
      "id": "Жёлтая",
      "name": "Жёлтая",
      "emoji": "🟨",
      "type": "violation",
      "protection": "нет",
      "cannotUse": "нет",
      "takenBy": "violation",
      "description": "Второе предупреждение за нарушение",
      "effects": "Спуск вниз на 30 минут",
      "application": "Второе нарушение",
      "obtain": "Нарушение правил. Получить.",
      "features": "нет",
      "removes": "нет",
      "formula": "Собирается ⬜️"
    },
    {
      "id": "Заморозка",
      "name": "Заморозка",
      "emoji": "💠",
      "type": "violation",
      "protection": "Да",
      "cannotUse": "🌈🃏☮️🔲🌈🚨💎🟧⬜️🎦🎹Ⓜ️♎️♻️",
      "takenBy": "violation",
      "description": "Карта нарушения: блокирует карты и 🧿 на 4 недели и снимает активную карту.",
      "effects": "Ваша активная карта деактивируется. Спикеру запрещено использовать, активировать и передавать 🀄️🎴 карты и 🧿 ТВ колёса 4 недели.",
      "application": "1 раз.",
      "obtain": "От 🔲. Нарушение правил. 🧿 ТВ колесо. Из 🪣/🌋.",
      "features": "Собирается за 🚨. При выпадении с 🧿 ТВ колеса действует на всех, и вам выдаётся 1 🧿 ТВ колесо: можно крутить сразу или через 4 недели. При снятии эффекта колесо сгорает.",
      "removes": "🅱️🛐🌈",
      "formula": "1 🚨"
    },
    {
      "id": "Зелёная",
      "name": "Зелёная",
      "emoji": "🟩",
      "type": "normal",
      "protection": "🏧🛐",
      "cannotUse": "на карты выше по иерархии",
      "takenBy": "normal",
      "description": "Карта для снятия красных карт нарушений",
      "effects": "Снимает красную карту (🟥)",
      "application": "На красную карту",
      "obtain": "Топ месяца. Топ зритель. Топ Батлы. Топ Лиги. 🧿ТВ колесо. Получить. Собрать.",
      "features": "Передаётся с остатком времени",
      "removes": "🟥",
      "formula": "2 🟦 = 1 🟩"
    },
    {
      "id": "Золотая",
      "name": "Золотая",
      "emoji": "🟧",
      "type": "normal",
      "protection": "🟧☮️🃏🏳️‍🌈🏧🛐",
      "cannotUse": "в зависимости от правил эфира",
      "takenBy": "normal",
      "description": "Мощная карта для модерации и продления эфира",
      "effects": "Модерка на сутки или продление эфира",
      "application": "Активация каждый день. Безлимитное количество 🟪🟥🟨🟫",
      "obtain": "Топ спонсоры. Топ зрители. Топ Батлы. Топ Лиги. 🧿ТВ колесо. Получить. Собрать.",
      "features": "Работает с 🚨💎☮️🃏🔲 и 🏳️‍🌈",
      "removes": "нет",
      "formula": "2 ⬜️ = 1 🟧"
    },
    {
      "id": "Изумрудная",
      "name": "Изумрудная",
      "emoji": "💎",
      "type": "normal",
      "protection": "🟧☮️🃏🏳️‍🌈🏧🛐",
      "cannotUse": "в зависимости от правил эфира",
      "takenBy": "normal",
      "description": "Элитная карта для расширенных возможностей модерации",
      "effects": "Модерка + продление эфира на 3 часа",
      "application": "Активация раз в 2 дня. Безлимитное количество 🟪🚾🟥🟨🟫",
      "obtain": "Топ спонсоры. Топ зрители. Топ Батлы. Топ Лиги. 🧿ТВ колесо. Получить. Собрать.",
      "features": "Работает с 🚨🟧☮️🃏 и 🏳️‍🌈",
      "removes": "🔲",
      "formula": "2 🟧 = 1 💎"
    },
    {
      "id": "Карта Контента",
      "name": "Карта Контента",
      "emoji": "🎦",
      "type": "activation",
      "protection": "нет",
      "cannotUse": "нет",
      "takenBy": "activation",
      "description": "Карта для просмотра контента",
      "effects": "Просмотр видеоматериала",
      "application": "1 раз за эфир",
      "obtain": "Топ Батлы. Топ Лиги. 🧿ТВ колесо. Получить. Собрать.",
      "features": "Нельзя снять",
      "removes": "нет",
      "formula": "🟧➕⬜️➕☑️🟰🎦"
    },
    {
      "id": "Комиссия",
      "name": "Комиссия",
      "emoji": "🔘",
      "type": "normal",
      "protection": "🏧🛐",
      "cannotUse": "нет",
      "takenBy": "normal",
      "description": "Базовая карта для проведения операций между спикерами",
      "effects": "Оплата передачи карт между спикерами",
      "application": "Для передачи карт между спикерами",
      "obtain": "Разделение 1 ☑️. Получить. Собрать.",
      "features": "Нельзя передать",
      "removes": "нет",
      "formula": "1 ☑️ = 2 🔘"
    },
    {
      "id": "Конвертер",
      "name": "Конвертер",
      "emoji": "♻️",
      "type": "activation",
      "protection": "Нет",
      "cannotUse": "На чужом инвентаре",
      "takenBy": "activation",
      "description": "Карта активации для обмена ☑️ на 🧿 по фиксированному курсу.",
      "effects": "Конвертирует 10 ☑️ карт в 10 🧿 ТВ колёс в собственном инвентаре. Можно дробить.",
      "application": "По желанию.",
      "obtain": "🧿 ТВ колесо. 🛐. Покупка.",
      "features": "Нельзя передавать карту.",
      "removes": "🅱️⚫️🌋",
      "formula": "Нет"
    },
    {
      "id": "Коричневая",
      "name": "Коричневая",
      "emoji": "🟫",
      "type": "violation",
      "protection": "нет",
      "cannotUse": "нет",
      "takenBy": "violation",
      "description": "Нарушение - отключение комментариев",
      "effects": "Отключение комментариев",
      "application": "Действует 1 эфир на 1 аккаунт",
      "obtain": "Нарушение правил. Получить.",
      "features": "нет",
      "removes": "нет",
      "formula": "нет"
    },
    {
      "id": "Кость",
      "name": "Кость",
      "emoji": "🎲",
      "type": "activation",
      "protection": "Да",
      "cannotUse": "🎴🪟",
      "takenBy": "activation",
      "description": "Игровая 🎴-карта: умножает одну выбранную 🀄️ или 🧿 по броску кубика.",
      "effects": "Умножает вашу одну обычную 🀄️ карту или 🧿 ТВ колесо из инвентаря при броске 🎲 кубика.",
      "application": "1 раз во время вращения 🧿 ТВ колеса.",
      "obtain": "🧿 ТВ колесо.",
      "features": "Даёт дополнительную игру. Значения: 1→0 карт, 2→1, 3→2, 4→3, 5→4, 6→5. Коэффициент: 1–x1 🀄️/🧿. В 🎰 Джекпоте играет 2️⃣ кубика с коэффициентом 1–(+1).",
      "removes": "Нет",
      "formula": "Нет"
    },
    {
      "id": "Красная",
      "name": "Красная",
      "emoji": "🟥",
      "type": "violation",
      "protection": "нет",
      "cannotUse": "нет",
      "takenBy": "violation",
      "description": "Серьёзное нарушение - снятие с эфира",
      "effects": "Снятие спикера с эфира до конца эфира",
      "application": "Третье нарушение",
      "obtain": "Нарушение правил. Получить.",
      "features": "нет",
      "removes": "🟩",
      "formula": "Собирается ⬜️"
    },
    {
      "id": "Магнит",
      "name": "Магнит",
      "emoji": "Ⓜ️",
      "type": "activation",
      "protection": "🏧🛐",
      "cannotUse": "на карты 🎰🍫🎁🦎⚫️💣♎️🏧🛐",
      "takenBy": "activation",
      "description": "Карта для кражи карт у других участников",
      "effects": "Крадёт карты у других спикеров",
      "application": "Доступно 3 кражи у разных спикеров",
      "obtain": "Только в 🧿ТВ колесе. Получить.",
      "features": "Забирает карту, может переносить активацию на себя или другого",
      "removes": "нет",
      "formula": "Только в 🧿ТВ колесе"
    },
    {
      "id": "Музыкальная карта",
      "name": "Музыкальная карта",
      "emoji": "🎹",
      "type": "activation",
      "protection": "нет",
      "cannotUse": "нет",
      "takenBy": "activation",
      "description": "Карта для прослушивания музыки",
      "effects": "Прослушивание музыки",
      "application": "1 раз за эфир",
      "obtain": "Топ Батлы. Топ Лиги. 🧿ТВ колесо. Получить. Собрать.",
      "features": "Нельзя снять",
      "removes": "нет",
      "formula": "⬜️➕☑️🟰🎹"
    },
    {
      "id": "Обнуление",
      "name": "Обнуление",
      "emoji": "🅾️",
      "type": "violation",
      "protection": "нет",
      "cannotUse": "нет",
      "takenBy": "violation",
      "description": "Серьёзное нарушение - обнуление прав",
      "effects": "Запрет в гостевой и чате на 4 недели",
      "application": "За серьёзные нарушения",
      "obtain": "Нарушение правил эфира. Получить.",
      "features": "Можно вернуть доступ к чату активацией ☮️",
      "removes": "нет",
      "formula": "🟧➕⬜️➕☮️➕🟩➕🟦➕☑️🟰🅾️"
    },
    {
      "id": "Пацифик",
      "name": "Пацифик",
      "emoji": "☮️",
      "type": "activation",
      "protection": "🏧🛐",
      "cannotUse": "нет",
      "takenBy": "activation",
      "description": "Карта защиты от нарушений",
      "effects": "Возвращает доступ к чату, иммунитет к некоторым картам",
      "application": "На 12 часов",
      "obtain": "Топ Батлы. Топ Лиги. 🧿ТВ колесо. Получить. Собрать.",
      "features": "Включает чат при активной 🅾️",
      "removes": "🟫🅾️",
      "formula": "🟩➕🟦🟰☮️"
    },
    {
      "id": "Пергамент",
      "name": "Пергамент",
      "emoji": "📜",
      "type": "activation",
      "protection": "нет",
      "cannotUse": "нет",
      "takenBy": "activation",
      "description": "Карта для возврата доступа к чату",
      "effects": "Возвращает доступ к чату",
      "application": "1 раз",
      "obtain": "Топ зрители. 🧿ТВ колесо. Получить. Собрать.",
      "features": "нет",
      "removes": "нет",
      "formula": "🟦➕☑️🟰📜"
    },
    {
      "id": "Преисподняя",
      "name": "Преисподняя",
      "emoji": "🌋",
      "type": "super",
      "protection": "Да",
      "cannotUse": "🛐🏧",
      "takenBy": "super",
      "description": "Супер-объект: влияет на карты всех спикеров и генерирует 🧧📱 по правилам.",
      "effects": "Уничтожает или переносит в 🪣 ведро 🀄️🎴 карты всех спикеров. Генерирует карты 🧧📱.",
      "application": "Ведущим при выпадении с 🧿 ТВ колеса или строительстве. Спикерами при строительстве, покупке, получении.",
      "obtain": "🧿 ТВ колесо. Постройка. Покупка. Получение.",
      "features": "Работает по принципу 🏧 Банка и 🛐 Храма. Может использовать ведущий и спикеры. Можно построить за 6 🚨 (1 раз).",
      "removes": "Нет",
      "formula": "6 🚨"
    },
    {
      "id": "Радужная",
      "name": "Радужная",
      "emoji": "🏳️‍🌈",
      "type": "activation",
      "protection": "🏧🛐",
      "cannotUse": "нет",
      "takenBy": "activation",
      "description": "Карта иммунитета к нарушениям",
      "effects": "Иммунитет к картам нарушений",
      "application": "Активация каждый день",
      "obtain": "Топ Батлы. 🧿ТВ колесо. Получить. Собрать.",
      "features": "Может быть активна у нескольких спикеров одновременно",
      "removes": "🅾️",
      "formula": "💎➕🟧➕🟧➕🟧➕⬜️➕☮️➕🟩➕🟦➕📜➕☑️🟰🏳️‍🌈"
    },
    {
      "id": "Розовая",
      "name": "Розовая",
      "emoji": "🟪",
      "type": "violation",
      "protection": "нет",
      "cannotUse": "нет",
      "takenBy": "violation",
      "description": "Первое предупреждение за нарушение",
      "effects": "Предупреждение, спуск вниз",
      "application": "Первое нарушение",
      "obtain": "Нарушение правил. Получить.",
      "features": "нет",
      "removes": "нет",
      "formula": "☑️➕☑️🟰🟪"
    },
    {
      "id": "Рубиновая",
      "name": "Рубиновая",
      "emoji": "🚨",
      "type": "activation",
      "protection": "🏧🛐",
      "cannotUse": "в зависимости от правил эфира",
      "takenBy": "activation",
      "description": "Высшая карта для статуса соведущего",
      "effects": "Соведущий на 3 дня. Продление на 10 часов",
      "application": "Активация 1 раз в 5 дней",
      "obtain": "Топ спонсор. Топ Лиги. Топ зритель. Топ Батлы. 🧿ТВ колесо. Получить. Собрать.",
      "features": "Работает с 🟧💎",
      "removes": "нет",
      "formula": "3 💎 = 1 🚨"
    },
    {
      "id": "Рубиновая Кость",
      "name": "Рубиновая Кость",
      "emoji": "♦️",
      "type": "activation",
      "protection": "Да",
      "cannotUse": "🪟🀄️🧿",
      "takenBy": "activation",
      "description": "Игровая 🎴-карта: умножает 🚨 по броску кубика.",
      "effects": "Умножает вашу одну 🚨 Рубиновую карту из инвентаря при броске 🎲 кубика.",
      "application": "1 раз во время вращения 🧿 ТВ колеса.",
      "obtain": "🧿 ТВ колесо.",
      "features": "Даёт дополнительную игру. Значения: 1→1 карта, 2→2, 3→3, 4→4, 5→5, 6→6. Коэффициент: 1–(+1 🚨). В 🎰 Джекпоте играет 2️⃣ кубика с коэффициентом 1–(+1).",
      "removes": "Нет",
      "formula": "Нет"
    },
    {
      "id": "Серая",
      "name": "Серая",
      "emoji": "☑️",
      "type": "normal",
      "protection": "🏧🛐",
      "cannotUse": "в зависимости от правил эфира",
      "takenBy": "normal",
      "description": "Основная карта для воздействия на других спикеров",
      "effects": "Съём спикера или всех на 12 минут, либо монолог 12 минут",
      "application": "1 раз за эфир от каждого. Действует на всех кроме 🏳️‍🌈",
      "obtain": "1 час продления. 🧿ТВ колесо. Первый на эфире. Получить. Собрать.",
      "features": "Базовая карта. Передаётся с остатком времени",
      "removes": "🟪",
      "formula": "2 🔘 = 1 ☑️"
    },
    {
      "id": "Синяя",
      "name": "Синяя",
      "emoji": "🟦",
      "type": "normal",
      "protection": "🏧🛐",
      "cannotUse": "на карты выше по иерархии",
      "takenBy": "normal",
      "description": "Карта для снятия жёлтых карт нарушений",
      "effects": "Снимает жёлтую карту (🟨)",
      "application": "На жёлтую карту",
      "obtain": "Топ месяца. Топ зритель. Топ Батлы. Топ Лиги. 🧿ТВ колесо. Получить. Собрать.",
      "features": "Передаётся с остатком времени",
      "removes": "🟨",
      "formula": "3 ☑️ = 1 🟦"
    },
    {
      "id": "Страшный Суд",
      "name": "Страшный Суд",
      "emoji": "♎️",
      "type": "activation",
      "protection": "нет",
      "cannotUse": "нет",
      "takenBy": "activation",
      "description": "Полное ограбление одного спикера",
      "effects": "Крадёт все карты и колёса у одного спикера",
      "application": "На одного спикера",
      "obtain": "Только в 🧿ТВ колесе. Получить.",
      "features": "Забирает даже активные карты",
      "removes": "нет",
      "formula": "Только в 🧿ТВ колесе"
    },
    {
      "id": "Чёрная",
      "name": "Чёрная",
      "emoji": "⬛️",
      "type": "violation",
      "protection": "нет",
      "cannotUse": "нет",
      "takenBy": "violation",
      "description": "Серьёзное нарушение - блокировка на неделю",
      "effects": "Блокировка на 1 неделю",
      "application": "За серьёзные нарушения",
      "obtain": "Нарушение правил. Получить.",
      "features": "нет",
      "removes": "нет",
      "formula": "нет"
    },
    {
      "id": "Чёрно-Белая",
      "name": "Чёрно-Белая",
      "emoji": "🔲",
      "type": "activation",
      "protection": "🏧🛐🪣",
      "cannotUse": "🌈",
      "takenBy": "activation",
      "description": "Элитная карта для топ-спонсоров",
      "effects": "Соведущий на 1 неделю. Продление на 3 ч. 7 дней подряд.",
      "application": "Активация 1 раз в 10 дней",
      "obtain": "Только спонсоры топ 10 за 3 месяца. 🧿ТВ колесо. Получить. Собрать. 🛐",
      "features": "Работает с 🌈🟧🃏☮️🎦🎹. (Безлимитное количество🟪🚾🟥🟨🟫⬛️🅾️💠)",
      "removes": "🅱️⚫️💣",
      "formula": "🚨➕💎➕💎➕💎➕🟧➕⬜️➕🃏➕🟩➕🟦➕🚾➕☑️🟰🔲"
    },
    {
      "id": "Экстерминатус",
      "name": "Экстерминатус",
      "emoji": "💣",
      "type": "danger",
      "protection": "Да",
      "cannotUse": "Донатерам, не входящим в топ 10 спонсоров",
      "takenBy": "danger",
      "description": "Опасная карта завершения эфира: обнуляет запасное время и выдаёт 🅾️ и 🧿.",
      "effects": "Эфир завершается. Запасное время исчезает. Вы получаете 🅾️ и 10 🧿 ТВ колёс. Прошлый донатер получает 5 🧿 ТВ колес.",
      "application": "1 раз. Как карту 💣↩️🎴 активации при наличии запасного времени больше 3 часов.",
      "obtain": "🧿 ТВ колесо. 🌋 Преисподняя. 💣↩️🎴.",
      "features": "Нельзя снять. Во время вращения 🧿 ТВ колеса при отсутствии запасного времени превращается в 🎴 активацию без 🅾️. Ведущий может держать карту до активации.",
      "removes": "Ведущим",
      "formula": "Нет"
    },
    {
      "id": "Дуст Джокер",
      "name": "Дуст Джокер",
      "emoji": "🃏",
      "type": "activation",
      "protection": "нет",
      "cannotUse": "нет",
      "takenBy": "activation",
      "description": "Джокер",
      "effects": "См. правила",
      "application": "",
      "obtain": "",
      "features": "",
      "removes": "",
      "formula": "Нет"
    },
    {
      "id": "Чёрно-Белая карта",
      "name": "Чёрно-Белая карта",
      "emoji": "⚫️⚪️",
      "type": "activation",
      "protection": "Да",
      "cannotUse": "нет",
      "takenBy": "activation",
      "description": "Черно-белая карта",
      "effects": "См. правила",
      "application": "",
      "obtain": "",
      "features": "",
      "removes": "",
      "formula": "Нет"
    },
    {
      "id": "Розовая карта",
      "name": "Розовая карта",
      "emoji": "🟪",
      "type": "violation",
      "protection": "нет",
      "cannotUse": "нет",
      "takenBy": "violation",
      "description": "Нарушение",
      "effects": "См. правила",
      "application": "",
      "obtain": "",
      "features": "",
      "removes": "",
      "formula": "Нет"
    },
    {
      "id": "ТВ колесо",
      "name": "ТВ колесо",
      "emoji": "🧿",
      "type": "special",
      "protection": "Да",
      "cannotUse": "Если нет доступа к гостевому или к чатам в телеграм",
      "takenBy": "♎️",
      "description": "Триггер результата (вращение вне проекта).",
      "effects": "Позволяет выиграть любую карту/подарок/ещё 🧿. В проекте учитываем только факт результата.",
      "application": "Не более 3 в день (памятка)",
      "obtain": "Топ спонсоры/зрители/батлы/лиги, первый спонсор за эфир, VIP, флешмобы, передача, 🛐🏧🌋💒♻️🦎💣",
      "features": "Риск",
      "removes": "⚫️↩️🎴",
      "formula": "Нет",
      "conversion": "⬜️➕🔘🟰🧿"
    },
    {
      "id": "Банк",
      "name": "Банк",
      "emoji": "🏧",
      "type": "infrastructure",
      "protection": "Да",
      "cannotUse": "При отсутствии продления 5 часов в месяц (памятка)",
      "takenBy": "Нет",
      "description": "Контейнер: хранит/страхует/умножает (детали уточняются). Лимит 12. Имеет отдел для сейфа 🗄. Не защищён от 🥷.",
      "effects": "Хранение/страхование/умножение карт, лимит 12",
      "application": "После активации (по факту наличия)",
      "obtain": "🧿 ТВ колесо; сборка 12🚨 (только 1 раз)",
      "features": "Передача/продажа раз в 3 месяца (памятка). Слияние в 💒 через 1 месяц (памятка).",
      "removes": "Нет",
      "formula": "12🚨🟰🏧"
    },
    {
      "id": "Рубиновый Банк",
      "name": "Рубиновый Банк",
      "emoji": "💒",
      "type": "infrastructure",
      "protection": "Да",
      "cannotUse": "—",
      "takenBy": "—",
      "description": "Апгрейд банка. При сборке 3🏧 исчезают. Для сейфа нужно снова получить 🏧.",
      "effects": "Расширенный банк (логика контейнера)",
      "application": "—",
      "obtain": "Слияние из 3🏧 + 12🚨",
      "features": "После сборки 💒 обычный 🏧 отсутствует; сейф недоступен без нового 🏧.",
      "removes": "—",
      "formula": "🏧➕🏧➕🏧➕12🚨🟰💒"
    },
    {
      "id": "Сейф",
      "name": "Сейф",
      "emoji": "🗄",
      "type": "infrastructure",
      "protection": "Да",
      "cannotUse": "—",
      "takenBy": "—",
      "description": "Модуль сейфа для 🏧. Полностью защищает карты в сейфе от 🥷.",
      "effects": "Защита содержимого сейфа от Грабителей",
      "application": "При наличии 🏧",
      "obtain": "—",
      "features": "Требует наличия 🏧. При сборке 💒 (апгрейде) сейф теряется вместе с 🏧.",
      "removes": "—",
      "formula": "Нет"
    },
    {
      "id": "Храм",
      "name": "Храм",
      "emoji": "🛐",
      "type": "infrastructure",
      "protection": "Да",
      "cannotUse": "—",
      "takenBy": "—",
      "description": "Инфраструктура. Участвует в получении/правилах ряда карт.",
      "effects": "Инфраструктурные эффекты (по правилам карт)",
      "application": "—",
      "obtain": "—",
      "features": "—",
      "removes": "—",
      "formula": "—"
    },
    {
      "id": "Ангел",
      "name": "Ангел",
      "emoji": "🪽",
      "type": "super",
      "protection": "Да",
      "cannotUse": "—",
      "takenBy": "Нет",
      "description": "Суперкарта иммунитета и снятия нарушений.",
      "effects": "Иммунитет к нарушениям (не от ведущего), снятие 🟪🚾🟥🟨🟫⬛️🅾️💠, 12h окно; бонусы +3ч и +3🧿 за снятие",
      "application": "3 дня; до 3 снятий за эфир у 3 разных спикеров",
      "obtain": "Сборка; 🧿; 🛐💒",
      "features": "Нельзя выключать микрофон; при выключении — у выключившего снимается активная карта",
      "removes": "🌋💣",
      "formula": "♎️➕🅱️➕🔲➕🌈➕🚨➕💎➕🟧➕⬜️➕🟩➕🟦➕☑️🟰🪽"
    }
  ]
}