{
  "rulesVersion": "ui-export-20260117-final",
  "updatedAt": "2026-01-17T20:18:00Z",
  "recipes": [
    {
      "name": "Антиэкран",
      "inputs": [
        "☑️",
        "☑️"
      ],
      "output": "🚾"
    },
    {
      "name": "Бита",
      "inputs": [
        "🔲",
        "🌈",
        "🚨",
        "💎",
        "🟧",
        "⬜️",
        "🎦",
        "🎹",
        "🃏",
        "🚾",
        "📜",
        "☮️",
        "🟩",
        "🟦",
        "☑️"
      ],
      "output": "🅱️"
    },
    {
      "name": "Джокер",
      "inputs": [
        "🟩",
        "☑️"
      ],
      "output": "🃏"
    },
    {
      "name": "Карта Контента",
      "inputs": [
        "🟧",
        "⬜️",
        "☑️"
      ],
      "output": "🎦"
    },
    {
      "name": "Музыкальная карта",
      "inputs": [
        "⬜️",
        "☑️"
      ],
      "output": "🎹"
    },
    {
      "name": "Обнуление",
      "inputs": [
        "🟧",
        "⬜️",
        "🚾",
        "☮️",
        "🟩",
        "🟦",
        "☑️"
      ],
      "output": "🅾️"
    },
    {
      "name": "Пацифик",
      "inputs": [
        "🟩",
        "🟦"
      ],
      "output": "☮️"
    },
    {
      "name": "Пергамент",
      "inputs": [
        "🟦",
        "☑️"
      ],
      "output": "📜"
    },
    {
      "name": "Розовая",
      "inputs": [
        "☑️",
        "☑️"
      ],
      "output": "🟪"
    },
    {
      "name": "Чёрно-Белая",
      "inputs": [
        "🚨",
        "💎",
        "💎",
        "💎",
        "🟧",
        "⬜️",
        "🃏",
        "🟩",
        "🟦",
        "🚾",
        "☑️"
      ],
      "output": "🔲"
    },
    {
      "name": "Золотая",
      "inputs": [
        "⬜️",
        "⬜️"
      ],
      "output": "🟧"
    },
    {
      "name": "Изумрудная",
      "inputs": [
        "🟧",
        "🟧"
      ],
      "output": "💎"
    },
    {
      "name": "Рубиновая",
      "inputs": [
        "💎",
        "💎",
        "💎"
      ],
      "output": "🚨"
    },
    {
      "name": "ТВ колесо",
      "inputs": [
        "⬜️",
        "🔘"
      ],
      "output": "🧿"
    },
    {
      "name": "Банк",
      "inputs": [
        "🚨",
        "🚨",
        "🚨",
        "🚨",
        "🚨",
        "🚨",
        "🚨",
        "🚨",
        "🚨",
        "🚨",
        "🚨",
        "🚨"
      ],
      "output": "🏧"
    },
    {
      "name": "Рубиновый Банк",
      "inputs": [
        "🏧",
        "🏧",
        "🏧",
        "🚨",
        "🚨",
        "🚨",
        "🚨",
        "🚨",
        "🚨",
        "🚨",
        "🚨",
        "🚨",
        "🚨",
        "🚨",
        "🚨"
      ],
      "output": "💒"
    },
    {
      "name": "Радужная",
      "inputs": [
        "💎",
        "🟧",
        "🟧",
        "🟧",
        "⬜️",
        "☮️",
        "🟩",
        "🟦",
        "📜",
        "☑️"
      ],
      "output": "🌈"
    }
  ],
  "note": "This mapping is an initial export from UI cardDatabase formulas. Expand with formal operators as rules mature."
}